<?xml version="1.0" encoding="UTF-8"?>
<project-private xmlns="http://www.netbeans.org/ns/project-private/1">
    <editor-bookmarks xmlns="http://www.netbeans.org/ns/editor-bookmarks/2" lastBookmarkId="1">
        <file>
            <url>src/runnables/Responder.java</url>
            <bookmark id="1">
                <name/>
                <line>276</line>
                <key/>
            </bookmark>
        </file>
    </editor-bookmarks>
    <open-files xmlns="http://www.netbeans.org/ns/projectui-open-files/2">
        <group>
            <file>file:/home/leandro/NetBeansProjects/s/src/servicios/ServicioEncode.java</file>
            <file>file:/home/leandro/NetBeansProjects/s/src/runnables/Responder.java</file>
            <file>file:/home/leandro/NetBeansProjects/s/src/gui/GUI.java</file>
        </group>
    </open-files>
</project-private>
